{
    "AMOUNT": 0.37714285714285717,
    "P_api": 0.6224066390041494,
    "R_api": 0.3325942350332594,
    "F1_api": 0.43352601156069365,
    "P_param": 0.4271799628942486,
    "R_param": 0.2718417945690673,
    "F1_param": 0.33225108225108224
}