{
    "AMOUNT": 0.41284403669724773,
    "P_api": 0.6080305927342257,
    "R_api": 0.32834279814145584,
    "F1_api": 0.426416359369762,
    "P_param": 0.4411302982731554,
    "R_param": 0.25522252497729336,
    "F1_param": 0.3233601841196778
}