{
    "AMOUNT": 0.15428571428571428,
    "P_api": 0.25688073394495414,
    "R_api": 0.015598885793871866,
    "F1_api": 0.029411764705882353,
    "P_param": 0.3021978021978022,
    "R_param": 0.016378796902918404,
    "F1_param": 0.031073446327683617
}