{
    "AMOUNT": 0.14067278287461774,
    "P_api": 0.09473684210526316,
    "R_api": 0.004646360351058337,
    "F1_api": 0.008858267716535433,
    "P_param": 0.09580838323353294,
    "R_param": 0.004844081138359067,
    "F1_param": 0.009221902017291065
}