{
    "easy": {
        "AMOUNT": 0.175,
        "P_api": 0.05555555555555555,
        "R_api": 0.01,
        "F1_api": 0.016949152542372885,
        "P_param": 0.08333333333333333,
        "R_param": 0.010810810810810811,
        "F1_param": 0.019138755980861247
    },
    "difficult": {
        "AMOUNT": 0.106,
        "P_api": 0.3448275862068966,
        "R_api": 0.012468827930174564,
        "F1_api": 0.024067388688327317,
        "P_param": 0.30327868852459017,
        "R_param": 0.012259774685222002,
        "F1_param": 0.02356687898089172
    }
}