{
    "AMOUNT": 0.12571428571428572,
    "P_api": 0.23404255319148937,
    "R_api": 0.012195121951219513,
    "F1_api": 0.023182297154899896,
    "P_param": 0.2411764705882353,
    "R_param": 0.012101534828807556,
    "F1_param": 0.023046655424395726
}