{
    "AMOUNT": 0.9556574923547401,
    "P_api": 0.9820457018498367,
    "R_api": 0.931853381517811,
    "F1_api": 0.9562913907284768,
    "P_param": 0.8084343991179713,
    "R_param": 0.8879806236754466,
    "F1_param": 0.8463425191170106
}