{
    "AMOUNT": 0.9585714285714285,
    "P_api": 0.9800117577895355,
    "R_api": 0.9286908077994429,
    "F1_api": 0.9536613272311213,
    "P_param": 0.7636363636363637,
    "R_param": 0.8379988088147707,
    "F1_param": 0.7990912963225899
}