{
    "AMOUNT": 0.9642857142857143,
    "P_api": 0.9745370370370371,
    "R_api": 0.9334811529933481,
    "F1_api": 0.9535673839184599,
    "P_param": 0.7714890240677069,
    "R_param": 0.8609799291617474,
    "F1_param": 0.8137815594922584
}