{
    "AMOUNT": 0.12,
    "P_api": 0.8110749185667753,
    "R_api": 0.13871866295264623,
    "F1_api": 0.2369172216936251,
    "P_param": 0.6788685524126455,
    "R_param": 0.12150089338892198,
    "F1_param": 0.20611265471078555
}