{
    "AMOUNT": 0.13302752293577982,
    "P_api": 0.9413680781758957,
    "R_api": 0.14919979349509552,
    "F1_api": 0.25757575757575757,
    "P_param": 0.8052434456928839,
    "R_param": 0.13018468059339994,
    "F1_param": 0.22413343758144383
}