{
    "AMOUNT": 0.12571428571428572,
    "P_api": 0.7269938650306749,
    "R_api": 0.13137472283813748,
    "F1_api": 0.22253521126760564,
    "P_param": 0.5487977369165488,
    "R_param": 0.11452184179456906,
    "F1_param": 0.1894993894993895
}