{
    "AMOUNT": 0.7584097859327217,
    "P_api": 0.758148631029987,
    "R_api": 0.6004130098089829,
    "F1_api": 0.6701238836070297,
    "P_param": 0.5630872483221476,
    "R_param": 0.5080230093854072,
    "F1_param": 0.5341397421613878
}