{
    "AMOUNT": 0.7871428571428571,
    "P_api": 0.7151898734177216,
    "R_api": 0.6295264623955432,
    "F1_api": 0.6696296296296297,
    "P_param": 0.5225143547899668,
    "R_param": 0.5148898153662894,
    "F1_param": 0.5186740662966851
}