{
    "AMOUNT": 0.7628571428571429,
    "P_api": 0.7207446808510638,
    "R_api": 0.6008869179600886,
    "F1_api": 0.6553808948004836,
    "P_param": 0.5223499361430396,
    "R_param": 0.48288075560802834,
    "F1_param": 0.501840490797546
}