{
    "predict_bleu-4": NaN,
    "predict_model_preparation_time": 0.003,
    "predict_rouge-1": 39.63615192307692,
    "predict_rouge-2": 27.46491346153846,
    "predict_rouge-l": 33.9274423076923,
    "predict_runtime": 345.1927,
    "predict_samples_per_second": 0.145,
    "predict_steps_per_second": 0.038
}