{
    "AMOUNT": 0.3557142857142857,
    "P_api": 0.5709606986899564,
    "R_api": 0.28991130820399114,
    "F1_api": 0.3845588235294118,
    "P_param": 0.4227373068432671,
    "R_param": 0.22609208972845338,
    "F1_param": 0.29461538461538467
}