{
    "AMOUNT": 0.4,
    "P_api": 0.557013118062563,
    "R_api": 0.3075208913649025,
    "F1_api": 0.39626704953338115,
    "P_param": 0.4163664436438497,
    "R_param": 0.24091721262656343,
    "F1_param": 0.3052254291643086
}